Volume,Volume
adult coloring book pages,"25,024"
animal coloring pages,"28,265"
beach coloring pages,"10,154"
bear coloring pages,"16,253"
bird coloring pages,"17,039"
butterfly coloring pages,"24,406"
car coloring pages,"22,056"
cars coloring pages,"14,181"
cat coloring pages,"36,528"
coloring pages christmas,"27,975"
coloring pages for boys,"18,386"
comfy days coloring pages,"1,268"
dinosaur coloring pages,"28,890"
fairy coloring pages,"26,862"
faith coloring pages,514
fantasy coloring pages for adults,"12,215"
fashion coloring pages,"9,001"
food coloring pages,"37,753"
free bible coloring pages,"5,550"
fruit coloring pages,"34,325"
goth coloring pages,"15,682"
gothic coloring pages for adults,"5,680"
grunge coloring pages,"6,806"
heart coloring pages,"10,700"
horse coloring pages,"17,902"
mandala coloring pages,"40,524"
mermaid coloring pages,"26,458"
nativity coloring pages,"8,704"
noah's ark coloring page,Unknown
ocean coloring pages,"14,417"
people coloring pages,"39,220"
princess coloring pages,"39,625"
pumpkin coloring pages,"13,651"
shark coloring pages,"10,234"
spooky cute coloring pages,"17,549"
spring coloring pages,"29,948"
sunday school coloring pages,"7,035"
sunday school coloring sheets,"8,826"
sunday school lesson on faith,Unknown
sunday school object lessons,"1,833"
unicorn coloring pages,"44,152"
valentines coloring pages,"16,695"
winter coloring pages,"26,519"